Quotation ID;Product Description
01972fb5-68eb-72f6-9951-58a057f31918;PORTE TGBT
01972fc0-2ee0-7cd9-95fc-1ab9cc2fab1e;rouleau vinyle
01972fca-8c8d-7d0f-985f-5e133e3fe281;Projecteurs lumière
01973064-5e21-7dd2-bdf5-8a86cb6a9d79;Verre
0197306f-b35d-7803-93d9-406d7cf9cff8;Verre
019730cf-68cc-7504-9d5f-d1b910c8b653;barre de toit
019730df-0987-72a7-bf93-db69dd4828c0;Biological Non hazardous exemple
019730e3-9891-7b69-b17c-b1bbfc70a75d;Biological Non hazardous exemple
0197312f-f031-70ed-b3c5-c06d16806c0a;MATERIEL ELECTRIQUE
01973145-92ea-7cec-8ebb-05c37dfb3ecb;Palette menuiserie
01973462-20bc-7b72-bc9c-33cfb92cce9d;medical devices
019734b2-5a08-7b16-a610-5e559cfd8771;trotinette
019734c0-c99d-753e-8f3b-3341cbfa823c;barre de toit
01973505-4169-7480-b026-fa7061744089;De
01973513-4131-73ae-be38-b655ff3b457f;tondeuse
019735de-468a-79ad-ae9d-5e44a9083c86;CUVE DE BRASSAGE
0197360f-56aa-7824-bf3c-49fd64a25634;jouets
0197364f-a622-7202-a828-9ca08f29bcdf;Colis 80.0 larg x 110.0 ht x 130.0 cm long
01973653-366d-79d1-b6fd-8ee8a4f1e4f6;Colis 80.0 larg x 110.0 ht x 130.0 cm long
0197365a-404d-704f-b381-e9658d73be49;caisse enregistreuse
0197365e-4d50-7a2a-be0b-832e749fb815;caisse enregistreuse
019739c7-249a-7da0-95d1-5a10ab05ad7a;dossier
01973afb-9117-7b0e-8336-a198004bdbcc;Chevalet et toiles
01973aff-9f6a-7741-b4ac-905f7cc5e658;Barriere immaterielle
01973b7a-3413-703f-b9bb-7ef3fd42b4e2;Socle en bois
01973b86-10bf-726b-810b-f490ecdb43da;Socle d'exposition
01973ba5-2e04-7cd0-92e1-1de8419078c7;Socle d'exposition
01973baa-6326-7dc5-a8b9-6da06bf17e13;biscuits
01973f08-cd04-7f28-b69f-5f4cb2cc80e0;emballage
01973f0a-aa49-7593-b178-d785dfb550c1;emballage
01973f16-da15-79b4-b1e1-6cc0b72c3285;vetements
01973f2f-b1c4-7d7b-a181-9ad1ade70ed2;grilles inox
01973f97-80f8-7756-9168-b58cc134e356;Partie d'une structure gonflable enroulée
01973f9e-df08-7b48-81c8-af745eaaf14e;documents
01973fae-7694-7e77-aa45-179745d89fd7;stuff
01973fbf-838e-7f48-b9c8-2160649147ad;Produits pharmaceutiques
01974011-a478-7262-b63d-aa6b46648d73;Sonde de température
01974013-5bd6-7efe-92a9-acc712f095a5;VERRINS
01974020-b7c6-7c3d-92ee-6ba551a5c11a;moteur de voiture
01974028-976c-7518-8b6a-60b21ee57162;Dossier
0197405c-cf1c-78aa-9c30-cd1e45e5a657;pièce électrique
01974082-d686-7a60-af0a-e1acd6e7b79f;Moteur de moto
019741d1-fcdb-7dee-adcb-1dd494779034;PARE CHOC AR
01974418-90ad-7c6c-88e3-377f48043d37;Cable Electrique aluminium
0197444a-1b90-7ef5-b285-934006064b30;trotinette
0197448a-b905-787f-adbc-3a49e1108909;Caisse de transport en bois
019744a4-c28c-7476-9ddb-aaa5800117fb;MATERIEL DENTAIRE
019744a9-db42-700d-aeb1-1655a5bcfb51;poste a souder lincoln linc 405sa
019744f2-a3de-76c5-b86d-68bcb7b9b350;télévision
0197462a-4a75-72d4-beac-b493a1ad51f7;vélo musculaire
01974ed0-1073-74f0-b6e1-fa06b0ace837;Pied lesté
01975364-52c6-73a5-95e5-83d68981834b;Pare-chocs
019753e7-4202-7595-a42b-e698a85e84d7;PRESENTOIRS
01975837-99a5-7493-bad8-2815316be297;DEUX SIEGES DE VOITURE
019758d6-ee98-7444-b252-9d05913a1bdc;Humidimètre AQUANEO
0197590f-ff7a-75c2-a712-6686718b5388;PRODUITS LEGUMES SECS ET ROLLS UP PUBLICITAIRE
01975928-1f17-7175-aa8f-f5fe8028ee9b;Equipement métrologie
01975941-e026-781c-8659-0203d9092d97;Caisse de transport en bois
01975948-95fc-7509-8d83-dcbf2f93a22e;contenant en verre + étiquette à coller
01975949-1d63-7e32-ba01-7c021fbd0883;Matériel électronique
0197594b-3ada-736b-b21f-10af70416972;Matériel électronique
0197596f-1b58-7651-92ba-4125533dc821;DEUX SIEGES DE VOITURE
019759bd-58c8-7cb0-ba15-02e0f6c65cee;DEUX SIEGE DE VOITURE
019759bd-ce06-7806-8ac7-86f0d1576e4e;Caisse de transport en bois
01975a09-21fc-79be-9eb2-35eaa5de4940;quincaillerie et fil recouvert d'un fil filmé
01975a54-b434-7bf5-b814-04813fabe0cb;livre
01975a8b-ec7c-7312-9765-3685cd02f5b5;caisse fermée sur palette
01975afa-d04f-7d6c-a72a-c73908d89734;Tabourets
01975df8-c5dc-7633-a9c9-813b40d79b89;Cuve vide
01975e68-7d6f-7bde-854e-e505d4439b71;Meuble lave mains
01975e84-5cea-7b50-9a37-44f24de1b847;piece mecanqiue
01975ec3-289e-7c26-9b53-b45200b96b5d;PIECE CARROSSERIE
01975ef4-3536-7fbd-b59b-8c4a9a25a8e7;Matériel CMAT
01975ef9-8e10-7400-a41b-b9cc5a659b6b;Presentoir
01975f22-9282-76b0-b438-0209a0c6c917;ooo
01975f28-63ad-7749-8ea1-ec7f13709401;yyyj
01975f58-d1b2-70c0-bed8-a3c07325fabb;vélo
01975f79-8182-70b7-91b5-abea84a3d411;marchandise plomberie
01975f86-1fb1-7877-b983-268bd3d565c2;Cuve vide
0197611e-9ccd-788a-b79a-093e31829c0e;Boite de vitesse
019762d7-40e7-7ab9-8b42-e3adf9f3d3be;Chargeurs de lève palette
01976307-13e9-7c8d-9b96-fa269e8ce4f9;marchandise plomberie
0197633e-f515-7285-ab20-033cc6328750;Sachet de tourillons
0197635c-2a0a-7f02-a069-ad0e3ce6fb26;PROCEDURE JUDICIAIRE
0197636a-a7ef-78f3-a845-377cdc8046f2;PROCEDURE JUDICIAIRE
019763f5-dde9-7210-9663-16db281e7f1a;matériel de construction
019763fd-8665-70af-a361-c9acdae543fe;TS
0197640b-07c8-72ac-900d-0cb769b3f213;échantillon
01976415-e78c-76ef-ad94-07b4ff38b72e;EPI
01976450-ede8-79c0-b565-ce7cd3d780f8;welding machine
0197647b-4077-79b1-b9f4-3834ebec827b;Table en bois
019764b8-dbb7-71eb-9022-dfd1689a3bf9;Dossiers rectorat
019765c1-72d0-79e5-a297-92c6b535d5cb;PORTE AV GAUCHE CLK MERCDES
01976871-c348-70fe-9df0-6a7991347704;médailles sapeurs-pompiers
01976875-cc62-717e-9210-47b668c2b463;caisse enregistreuse
0197689a-d78b-7083-8278-f0632b2f147d;COPIEUR RICOH
01976904-b7ce-7ffc-961e-ea2ca99f3a90;2 écrans + alim
019769b3-9e66-7695-bf11-af367afc2b08;électronique
019769c5-a687-7490-868f-7797d981032d;livres
019769da-a2fc-70e4-8a85-06085ef41a8e;électronique
01976d14-09a6-73f0-8b03-e373c9bdf002;Pièces de bateau
01976ec1-0d7c-763e-ba20-ee9852e31006;Pièces mécaniques
01976f2a-8ff0-703d-8752-31c5ed8aa9a5;1 lot de copies de bac
0197748f-4301-7ff5-b3b4-2500dd5ea92f;Boîte de vitesse
01977770-7e71-70b3-b45b-9538430b000f;retour Japocat
019777f2-11b2-794b-902f-1af8e6efb82c;enceinte bluetooth
01977838-7934-7dd6-b28b-bf1abcaf3114;3 barrières en bois de 1m
0197787e-eaeb-7571-9669-0626c98a5bed;VOLANT MOTEUR
019778cf-a53d-7ca2-bc7e-dc8060662942;Bois
019778d6-78ee-7100-98b9-65a0fec67faf;Bois
019778ff-4a5f-72d5-9e6c-cc08048a480c;Table en bois
01977911-87b0-72cd-9369-860c8b754605;Matériel technique
019779ec-b9e6-7ce9-ad54-ec70e88d6e9b;Boîte de vitesse voiture
019779f1-79a2-7ddd-af5a-14530bd22c18;Boîte de vitesse voiture
01977cb1-73f5-71f6-8baf-012362714a87;retour Japocat
01977cb3-f830-791c-8900-073cdc3e6d7f;retour Japocat
01977cbf-a249-746a-9846-23749f3fc9b7;clamps hydrauliques
01977cc0-5ec2-7d61-8fe4-4cdcd8a08fc5;retour Japocat
01977ccc-8da1-7eaf-9ba0-c0f8ba000e94;Documents papiers
01977d2c-34d0-736e-8919-de279cc3e260;accessoires
01977d42-2c00-7516-95a8-9bdceef73835;Appareil de mesure
01977d5f-a33d-7c3f-b17b-fd31c108e2dc;K Beauty
01977d74-d431-70a1-af6e-dbc7854447fe;Echantillons
01977dc1-3be5-7ca3-a874-f4000d6a6919;Réfrigérateur
01977dd3-3bfc-768e-a901-b37bd0bb9ec6;courrier
01977dfa-9012-7e70-b27e-9a52e9d2b46d;équipement sécu
01977e00-585b-777c-b34e-bd70f565039f;Matériel technique
01977e0c-3e19-7367-8c05-92ca3e8e42df;Boîte de vitesse
01977e35-0897-7f71-89de-93038bf73fb0;pièces engin agricole (palette non gerbable)
01977e37-ee64-7c0d-b0f0-b1d4bdaaf2a9;tubes de sang à maintenir au froid
01977e5c-c3ba-72ea-9d06-615fda1f1e33;tubes de sang à maintenir au froid
01978189-a328-7d9f-aecc-81c7fb16cae5;phare LED de travail
019781fb-a4d2-7ec9-a122-ae9a1b0ac728;TONDEUSE
01978216-558d-7df8-9830-aaa86778aa6b;Bar pliable en caisse de transport. Fragile
01978231-8721-7784-9f56-7eddb453e7e0;petite machine en caisse
0197823d-280a-7c10-b8c3-11aed04d2d29;tubes
0197823f-93a1-7c5b-a258-08dda45ca25f;tubes
0197824b-8811-71f8-971f-625e23400fda;TONDEUSE
0197824d-01db-73da-ac6c-394481d46890;POUF
0197825b-c73d-7c52-9eda-935a2666101a;planche de surf
01978288-c0bb-7e12-b453-ead13568bf9a;planche de surf
019782c2-9123-760f-96ec-6cc7aa36ad56;PIRL
01978313-a60d-74b6-9089-6e77f6a9f6cf;tubes de sang
0197832b-a4cb-793c-8184-bb4dc1664cad;film adhesive
01978338-7be2-7d01-8858-9f4dd6975fac;Moteur bateau occasion
01978370-3283-7e57-b162-92eb3f7bdb40;marche acier
019783c7-7a9f-7d54-b7ab-f0f041c1ea20;moteur
019783ce-89a5-7b33-979f-b2e442db3402;moteur bateau occasdion
0197863e-65ff-79f7-8751-81cea086a3d6;Clim réversible avec groupe
01978643-f02f-7e00-9f62-cf04d93d74a0;Clim réversible avec groupe
0197870f-b367-7a08-a8c8-f22712b21391;Carton
01978765-f4dc-76a0-a37d-4411a2e6b786;cellule
01978786-2a52-7d4d-97cd-adff138e849c;Ferrures métalliques
01978806-1a85-7eb6-9b86-b988455d54d0;Outil caténaire (pour réparation)
0197881f-d266-7ecd-b03b-a49afa8f3f24;appareils de mesure cmat
0197882f-8285-7dcc-a102-4e130dbffe29;MOULE POUR BOUTEILLE PET 3250292
01978853-73d3-71c3-8962-832c4e8f1212;televiseur
0197887f-9130-7ce3-a9bc-b568e2ec6a2d;Appareil de Géomètre
019788a6-c70a-7238-9aa6-dea68256ef65;Materiel de tirage de biere
019788f8-e9c6-729c-98fa-b742e899e4a6;carrosserie
01978bfc-de13-7d4b-a6fd-3d3bdc6be3dd;Pare choc
01978c1a-74d3-7ba7-90ee-dcb3a6d39454;Matériel electrique
01978c2c-7fd4-7e29-a622-fcec33a95f70;Matériel electrique
01978c5a-bd27-7c70-9786-aaaee5bc2532;deshumidificateur
01978d6c-7c8f-75ac-8593-8ca7584399b0;produit frais
01978d70-6cb0-716f-8b5b-880d94bb8a90;boitiers
01978da1-88cb-7339-bce1-79561a168f44;Robot tondeuse
01978dd9-1a45-7bbf-8d1e-4d9405d14db4;MOTEUR
01978e03-5cce-7694-b221-6bfde370bbb2;Matériel profesionnel apiculture
019792c5-439f-7170-9783-f2f7709f3e48;Ensemble de 20 kakemonos (rollups)
01979831-e05c-72bc-b1ef-8db5ff715c74;
01979b71-573f-7731-9434-b9b7941e8a98;Velo stepper
01979b89-5da7-7e52-b3bf-8409407d5fb3;sang
01979bb2-756d-729c-816b-725ecb3100c5;ECRAN ORDINATEUR 24'' ( FRAGILE)
01979bb5-6c0f-7a41-88db-b651fbc78d03;OUTILLAGE envoyé pour maintenance
01979c22-c2a2-7bc2-814f-e7931eeceb6e;1 tableau
01979c40-6adb-72b8-9acd-5b3b2d018f43;Brosse
01979c67-a479-7444-889c-686f5d36a179;Tableau plexiglass décoratif
01979cbe-13a5-7590-9fcf-62e02b600c2d;balise d'éclairage
01979cd4-1d3d-787c-8499-2ae2e37c0d6f;Tubes ferrailles + bacs plastique
01979cda-d1fe-71b5-90d9-77a5464d1fbe;Policarbonate
01979d49-c502-7d8f-8513-bba2c9e53496;1 tableau
01979d4b-94e6-7df0-96ab-ff981805c99b;1 tableau
01979d6e-f9ff-71a3-976f-ded0df1a6c99;jeux de lumieres
01979d7f-6644-7350-a8bd-230c13e71736;JEUX DE LUMIERES
01979daa-8752-7c41-86fe-779c8c61cfa7;mobilier
0197a093-e826-76a7-98f0-e9de1ff5f877;anode bateau
0197a0aa-3604-72df-a861-386792a979b5;1 tableau
0197a11e-e260-770b-8fb8-d696d5426087;radiateur
0197a170-0e45-7172-8e88-830f8b504a9b;mobilier
0197a189-8504-7b56-aa4d-0b087e7fe90e;Moteur moto
0197a1e9-0ca0-776e-bb9a-b7b36f79b274;Vélo
0197a200-013b-7f60-8d12-30518c05b280;Eaux traité de station d'épuration
0197a60f-eeb8-7f1f-a02f-2f4b7a514777;Carte Electronique
0197a6f5-e256-7617-bd10-a8ac3798805a;PARECHOC
0197a6f7-1cec-7d54-9359-e6db81a7a0d3;PARECHOC
0197a749-942d-71ef-96d3-ffcffcff3927;BOITE DE VITESSE VEHICULE
0197a74d-b79c-7eee-9a8b-31a083258c66;BOITE DE VITESSE VEHICULE
0197a770-4f8f-7eca-8da0-9c1b0db84b08;PHARE DE CAMION
0197aa9c-f0d4-7783-866c-792243b6a2de;moteur
0197ab14-06c5-7dac-82f8-fa2bffe8a988;pièces usinées métal
0197ab1b-4015-7560-92dd-5daf361a04f3;DEUX SIEGE DE VOITURE
0197ab42-69ad-708a-983d-d6aa1b2e7187;pièces usinées métal
0197ac1b-3e35-76c8-93e8-d8b931dc26bf;Poutre
0197ac2b-f050-72bd-9db0-884226d18413;Palonnier mécanique
0197acf2-7341-7705-89bc-791ba045641e;Machine de recharge clim automobile inerte
0197b0c4-d081-74ab-8feb-c921a28dfccb;fatboy coussin extérieur
0197b156-dd5c-742f-8005-096ca1ddbe4f;GLACIERE
0197b1f8-049c-78aa-abd0-0f27c955b516;flacon de sang
0197b21c-60f6-7eed-9961-f8a0b3808e8b;dz
0197b4f3-0fcc-79a0-b12b-bf02727f8d2d;Marteau hydraulique pour mini pelle
0197b6a1-330b-780e-9a2e-ec63efe1b9e2;MOTEUR
0197b7ca-2351-7d80-8159-893713e577d8;Pièce automobile (ciel de toit)
0197b854-d58c-7615-abb8-59c34e8ce847;
0197bca3-3445-76ea-9b25-fea17f87ccfd;pince de tri
0197bf9e-2956-7b0b-a9e5-b26dbf70a71a;dede
0197c00f-4797-790c-b4fc-37d0d106823d;4 pneus
0197c05f-1523-76cc-b345-f96c23de1080;Structure végétalisée en carton
0197c06a-8f7a-77b5-9d72-42b1a00eceed;FAUTEUIL ELECTRIQUE
0197c0c9-607d-71a1-bd08-2dde225424e5;adoucisseur
0197c0d5-130d-7a47-a8d9-5ace1b36425a;Palonnier mécanique
0197c0eb-f152-7774-9f08-9c906bd9bb9e;compresseur
0197c488-f016-7a17-bca4-608aaef0bd13;OF 232586
0197c4b8-2433-7f32-85f2-5015d5d51ee4;fragile
0197c500-b6c9-7b6c-b4b5-d3085d9378f5;PARE CHOCS
0197c511-936f-725a-8267-a88cdce649ca;PARE CHOCS
0197c574-7752-76df-b2cb-6756c5d53b7e;Tapis
0197c60a-cf8f-7a52-87a0-e95843bddabf;matériel de transmissions
0197c629-95cb-70b3-938c-21c19c0c562f;Four à pizza
0197c631-f0f6-7f6f-80e7-e70a7fd0c4b5;Machine d'arcade (distributeur de jetons)
0197c667-e78e-7ba7-b6c9-6f0d5b11a24b;scellé
0197c676-0cc4-7894-a6a1-bd01dc37f151;PIECES AGRICOLES
0197c9f6-5d98-707b-9402-fe2c95cf055b;fatboy coussin extérieur
0197ca28-5904-7c64-96f8-f9f2a4bcc035;Palette contenant 3 onduleurs SOLARMAX 15MT2
0197ca4d-0821-7ecd-9809-7c9a17b3ece3;PIECES AGRICOLES
0197ca4f-b474-7980-a363-109be16b7f15;PIECES AGRICOLES
0197ca9b-d4a2-7fe8-a444-d4d0c761346b;PARASOL
0197caa8-7a69-7b9b-b724-bdbfab6bea61;matériel électronique
0197cb41-f3c3-758c-b1f5-dc88a0743225;SZ
0197cb5f-618e-7e5b-be06-23eb2d2fc5f8;Imprimante
0197cb61-4b77-771e-bf01-8b6ef88efed7;SZ
0197cb7b-23f3-7179-8f32-47c5538f5f4b;dde
0197cb82-8d2f-74c1-91c3-423d2295dcbd;Imprimante
0197cb84-5908-7179-b1c6-9471fb238de1;IMPRIMANTE 3D
0197cbe2-58ad-7b3a-bbaa-630523cfe48c;Ensemble de 20 kakemonos (rollups)
0197cf04-2cbc-7a4f-b01f-dde6eec83c0c;Sz
0197cf45-9310-78fd-aeba-0479075c69ee;Enveloppe en carton
0197cf47-1751-78df-b7a5-e8a28e452861;6 chaises en metal
0197cf49-77eb-7b3a-9c29-017a9e931f95;6 chaises en metal
0197cf52-7388-7240-8dc0-0310d8289c82;Exposition
0197cf6f-d667-775d-9dee-fbf40ed36aa7;Boulon
0197cf70-b1d2-73d1-9c63-c921008a71a6;Sz
0197cf71-773d-762b-be03-2d277ed36d15;Sz
0197cf71-ffc6-729f-bb20-7f8ac4e6770b;Sz
0197cf91-38d6-77a0-8b1e-ebebaf13f512;SAV Fournisseur matériel piscine
0197cfa7-3fe0-7690-9efe-51bca1bef96f;FOUR A PIZZA
0197cfaf-96f1-76f3-8ccb-977fc8dd0c2c;Matériel agricole
0197cfbf-dfb6-7df3-89ad-632397566675;1 climatiseur
0197cfd2-305d-7f14-9271-4e51f0b38b21;Machines (déshydrateur industriels)
0197cffa-5e0e-7aae-858d-cdf8ac78ea32;moule
0197d048-a730-771f-b02d-952a5c684b2b;Barrières
0197d050-520e-7280-9ca0-6ef55fc89277;Velo d'appartement
0197d056-6927-7b93-b40a-6967cb0c3b5a;Table élévatrice
0197d062-8c13-7632-9c04-bbc877127277;gaine
0197d071-3151-7f17-93ae-7bc3721d6cd3;Moteur
0197d079-af01-7420-9d65-67a96c012f13;effets personnels vêtements
0197d0c9-5915-77d4-b675-e53aa0068b42;vélo
0197d127-fc61-7360-8872-f3c548700124;Climatisation
0197d251-8364-7f2d-a9ce-b6f3d22c13ac;Cartons contenant des emballage
0197d42c-61d9-7dc8-995d-bebc1523cbba;machine a café
0197d438-fc79-7a7a-abe4-3123f69b4fd8;Caisse en bois plus carton
0197d446-81de-7359-9c57-2212cf8b27c4;VITRE
0197d44f-3f23-7898-a920-8e5808fe5aa2;machine a café
0197d479-c5ce-7089-b1e3-5ba7874214a1;TOURET CABLE TREUIL
0197d4bd-44ad-7ca8-a44b-a952f7f13a1c;Sz
0197d4d1-505e-76d3-9ed1-650025845cd7;colis perdus
0197d4de-4561-7483-bf5f-e27ebf23a0fc;un pare choc
0197d500-2496-7f53-937a-8c4966091411;Sz
0197d549-539a-7d5b-b5ff-5f2283c188fa;colis perdus
0197d5b1-7b4c-7084-b029-8c7538ec84be;produits platek
0197d60b-a449-7375-a78a-520d74c05b0d;Générateur
0197d713-81d0-7235-a581-96d146d2dfb5;Climatiseur mobile
0197d751-e330-7d41-b6a0-c5b4b229b536;6 chaises en metal
0197d96a-1660-78a9-b5e9-0f828917549f;STORE
0197e0f6-2c6b-7c59-9189-655edbbeab6a;Brouette
0197e3d8-b46a-78eb-884a-09bc3a9e001c;BIGBAG
0197e3dc-4508-7569-88ba-2b46e79592ed;Il s'agit d'une malle
0197e3e1-3f23-75fe-bb37-a5bf984d14ea;Brouette artisanale
0197e3e2-1d8b-757a-9a95-36febbac699a;Ailes voitures
0197e401-b8ee-77cd-ba23-e58f52adc0d0;procédures judiciaires
0197e408-636f-7078-8553-f731da4dec5c;Shoes
0197e42d-1062-711e-940c-e3e1c8f14b89;Instruments de mesure prototype
0197e42d-68f2-71b7-aca8-7ea56182b914;MATERIEL ELECTRIQUE DEFECTUEUX
0197e446-9f21-75b1-a0a3-4772c82b7961;Vélo
0197e463-77e7-79c0-a6bf-c2c9a68238ad;4 CARTONS
0197e467-b7e7-74ce-88da-9034ca36033f;E
0197e483-f545-738a-97c5-797404f6f90b;détecteur de gaz
0197e4c2-b8b5-739c-8a8e-ce2175160483;matériel
0197e4f1-272e-7933-8daf-6b20fb5cdd62;boite de vitesses
0197e525-a24f-7091-817a-5da263a9c238;Drone
0197e53b-ae81-762e-b98c-466eee6e6097;Drone
0197e564-f280-743c-9eec-ed6f9747f414;Capteur Mécanique
0197e6c9-fac9-7482-9003-7c45383eed53;Table à manger
0197e8f5-6faa-7fdd-8860-5f2c34aaae21;éclairage scénique
0197e914-f05e-740f-b12f-5d4b1c3a16dc;FAUTEUIL ELECTRIQUE
0197e921-b7ff-7b16-b5b0-54e7e4b95678;
0197e92a-65a7-7e2b-8a81-80f99c4f5e5a;poteau clôture +carton de platine
0197e92c-fb58-7440-b0bd-e0b49d95198e;granulats et sable
0197e92f-ce42-773a-84a0-509eac2c1169;granulats et sable
0197e934-0f2f-70a7-9b31-9ef0b37adea9;Sacs plastiques
0197e9f0-a3f9-7513-b56a-1c6745fb13e3;Table en bois
0197ea20-8d80-7fc9-9a4a-504e92e44809;SZ
0197ea49-cecd-75b3-a7b7-075cf5f2d72a;Materiel audio professionnel
0197ea4a-7af8-7a32-b443-952acac09300;imprimante
0197ead0-f7f0-78e1-b1cc-85eedc8be2fd;accessoires automobile
0197ee19-c16a-7f82-a8be-2fd31f4f9795;Plaque metalique
0197ee76-8f85-743d-abcc-df815c97073a;Palette avec un colis sanglé
0197ee9a-2183-76c2-aac5-c55ba609f532;compresseur climatisation
0197ee9e-a860-7498-89ad-478dee4190fe;agencement
0197eeff-f4aa-761f-b3c8-04a7d51ed74b;AUTOLAVEUSE
0197ef07-bf13-7acb-8769-49dcbac0fcd9;AUTOLAVEUSE
0197ef1a-66bb-7ed5-b4a1-c1d302c32904;Matériels billettiques & Consommables
0197ef32-66de-7c54-8755-885ee7c6bac9;4 roues complettes 21 pouces
0197ef33-8207-79f6-869f-758f72b29ee4;Modèles miniatures de collection
0197ef3b-94b5-7019-a573-4f7e76327b06;éclairage scénique
0197ef50-25bc-7e7b-8e15-39b73bd4e38e;spectroscope
0197ef5c-71a1-744c-ab86-cd9e3ae86fc1;boite de vitesse
0197ef5d-8b91-7b5b-a4f7-48e957c66fe9;Afficheur débitmètre
0197ef5e-9e5a-7561-80e7-6523a7ef6cfa;boite de vitesse
0197efc7-a13b-7911-ae30-9f8c1340ef4b;Climatiseur split
0197efcb-1c38-7b2c-bcc0-cd3aacfda625;Vélo
0197efd9-b2dd-7bea-9ce1-298bebd848bd;onduleurs
0197f2d9-5cb9-74d2-8e49-fc4a584cda3f;four ceramique
0197f334-d615-7929-bea1-2d99fdf4c061;jantes
0197f34a-2982-7c05-9186-5943024f51a6;Instruments de mesure prototype
0197f34b-b6d0-7b3c-89e5-bd61057d5020;Instruments de mesure prototype
0197f358-fd52-77e7-a906-b703c27c865f;Hélice avion
0197f360-80aa-72a0-81d9-1fc588684229;Four à pizza
0197f3b3-8668-7254-8d82-55deb719987a;piece detachée
0197f3c8-f346-7397-b9c9-2c68dfdf2b29;DOCUMENTS
0197f3e2-93ff-79bd-ad96-ee001621832d;materiels informatiques
0197f463-d57e-7946-8c85-2473d759c581;Hélice
0197f478-1f30-7404-a202-5ce94d4ee8f6;RETROVISEUR EXT
0197f481-fa63-7058-adda-86754857fb81;Materiel audio professionnel
0197f48a-868d-70fa-8ab5-e281b77e481e;Hélice
0197f4ab-66ea-78fb-8d8d-eac170255f83;moteur moto
0197f4b9-3f4b-701f-90d7-8b6c0b5ab5a7;Calandre Voiture
0197f4bf-ea96-7b89-891f-e1593f796836;Baignoire
0197f840-337d-71a9-a1bf-ff0242df9039;
0197f85b-579b-7699-988f-4d98c503e304;PARE CHOC
0197f85b-679e-7448-82cd-5e2429a973d4;IMPRIMANTE BARCODE PRINTER
0197f862-4272-7228-9a3a-6578eb13983b;2 RONDS INXO
0197f862-7e2a-7eee-a0a8-723a6661ae38;lot de pièces chariot Bacava
0197f8ff-1b02-7def-bdf3-1809306e547c;matériel électronique
0197f944-8f5b-7ac1-a365-842b8ec09936;flotteur planche à voile
0197f96b-ee94-7845-90b6-558934d2357c;treuil à corde
0197f9ca-1ac1-74a9-967d-4e89a2c3921c;concrete and steel
0197fa4b-83ae-7a85-a7f9-dfca62fe53dd;RETROVISEUR EXT
0197fff0-1224-7959-8fd1-3e7e9c71f6f3;Caisse d'outillage
0198035d-8197-7304-8775-1fb5c727f4d1;eeeeeeeeeeeeeee
019807e2-05e4-770f-94a0-b0e5af9081dc;PLANCHES DE SURF
019808b8-0805-7a34-9dab-cf620199d255;STRUCTURE DE JEUX
01980a59-2ba9-706d-b78e-2cce81c096ee;Automotive seat
01980cdd-8f18-74a5-b3be-5f3c1639f587;lot de pièces chariot Bacava
01980cef-29f4-7e56-b7b8-0a6d1f0c0ddf;Automotive seat
01980d50-bd29-7f15-9dac-e04d92396f1d;2 colis : Bold 50 et Bûches: Commande : 26095
01980d65-6873-7411-8423-806aec6d1270;unité ex wf avant mono ref 8806090235108
01980d9d-7f22-79cb-946c-976a1416f09e;portes de voitures 140X125X30 / 25KG unitaire
01980dc2-c641-7153-90d9-a7f22861d3ce;flotteur planche à voile
01980e23-91d6-7c01-a0d8-ec7fe8bf7ddb;Boîte de vitesse
01980ec4-f2f1-70bb-8c6d-dbe9cce5a6a8;Scooter électrique senior
01980f76-4eb2-789c-94b7-915c3717ddc5;carton de velo
019810e4-aecd-7233-953b-e866ee7c4a93;cycle pro
0198111c-8d3f-78aa-bef9-8942275ca165;cycle pro
01981214-72c0-769b-8a8f-3af617033bad;D
01981238-0a38-716d-99e8-177341f725ea;échantillon de grain
0198126a-44ee-7616-95cd-b00c6901baa3;échantillons de blé
01981276-ae7e-7003-b89a-ad882d72c716;Textile
0198128f-1456-7a49-8ae1-6e9c15405f78;échantillons de triticale avec féveroles
0198130b-c502-7892-b4d6-754aa93746b1;cycle pro
01981323-1ca6-7f17-b58a-6907ca46ed9e;échantillons de blé
0198132e-66cd-7e33-982e-2434047631c3;Velo dans emballage
0198133b-b5c5-7a39-b102-d75f4e7aa40f;PALLETTE CLIM AVEC 2 ACCESOIRES
01981368-acb0-7e31-a347-6b8f293a46f2;Pompe de relevage
019813a1-3f12-78ca-ab22-546fac75ff74;Matériel
019813c1-98a4-72de-b375-4c45d0c39e71;Planche de surf
019813d5-f4e2-78a0-8bd4-3988c013ce20;PALONNIER
01981492-aa47-7eba-8386-edc6d71621ba;Moteur de véhicule
019814b2-bfd1-7073-b252-2986830ab341;Moteur de véhicule
019814f1-2c1e-7610-965a-2cef77ec2b06;REPAIRS
01981779-ed56-7d70-b8ed-98611059c278;Adhésifs
019817a7-432a-7a41-b19b-30b2ce3d9960;FRAGILE PINE MAGNETOSCOPIE
019817b7-cd77-73bb-97d5-a1ff9f1390a1;FAUTEUIL ERGONOMIQUE SUR PALETTE
019817f3-cd41-71d9-aa44-c7405d681951;Tes
01981835-a229-7e68-9fa3-8b397b31f28e;FAUTEUIL ERGONOMIQUE SUR PALETTE
0198184e-5b2b-720d-a33c-66cfba83604e;EPI
01981864-20df-7193-92e7-96b3fb469002;Amortisseur semi
01981869-1a7a-7a51-900f-d2f82fcf94bb;EPI
0198186d-edd9-7105-bf90-a211ff5ec99a;Amortisseur semi
019818eb-91b6-7e9c-a064-28dcd932ca0a;Tour PC
019818fb-e822-7d82-a3e8-5efd0557ba7c;Produits de laboratoire
01981911-4571-7624-b1e4-b4a88fc541bc;Jouets
01981c19-3ecc-79ff-8c6d-cd76528b2b5e;Vélo
01981c61-7b60-79bc-afa1-72d76c76269e;Produits de laboratoire
01981c78-b71b-7c0f-8127-9883d0cff7c4;Sac d'engrais
01981c82-cb6a-7c56-a9dc-a88592634371;Sac d'engrais
01981c8e-5217-7607-9453-21b759cffb91;Écran Ordinateur
01981c93-2d47-7520-8c47-b81a63120a43;P7277 - TELECOMMANDE DE PONT A REPARER
01981d0a-c336-7e1f-baea-e8f18ab67c72;machine
01981d18-4bf0-7530-b0f4-21d8dbc5c8c8;machine
01981d1a-b0de-72dd-9209-c1602f2caf78;machine
01981d47-10a3-7a16-85e2-a928d5a1b0ac;machine
01981d6c-b217-7547-b7f9-73b8f05c0d64;ECRAN / CAISSE / BORNES / ORBP
01981da9-6e7e-772f-8e3f-8d6430a7959c;Appareil électronique
01981dad-18c1-7e62-a0a7-c5d6213e9cb9;climatiseur
01981dd7-3760-719b-beb2-62d6abb763a7;pièces détachées
01981dd9-c5c4-7276-ba76-13f345b9dd46;climatiseur
01981ddb-971e-7cd6-9e23-a04c6ae83dae;climatiseur
01981de3-7c14-78e7-91ab-7deefc2fbb47;fauteuil roulant
01982be6-6b89-7c09-9453-1e4e9ef73913;1 machine avec palette + coffrage bois
01982bf5-65c3-792c-8482-e591146cfa05;palette + machine dans coffrage bois
01982c1b-badc-7055-af6c-283d332195fd;Tourelle de ventilation
01982c1f-2f17-7302-b058-81bd10309467;rafraichisseur d'aire delonghi
01982c6c-edab-79f8-9b18-a49a8106ddde;refrigerateur
01982c79-d430-77bb-adcc-6f035a0b1fe2;Abat-jours
01982c8d-5e02-7706-bf3c-27bb8818acf3;composant electronique pour spectacle
01982ce5-1298-7f03-9ba0-dcdb581be4a4;Pièce de rechange
01982cfd-b48a-72a9-a30b-612174dea2f5;Pièce de rechange
01982d14-adbd-7814-b707-94ec2b17ee34;Pièce caoutchouc
01982d1c-ff97-748d-aa2c-6d17891feac3;Pièce caoutchouc
01982d21-f0fc-77ca-a706-f1b5d37191f2;Pièce caoutchouc
01982d2d-41f7-7119-a219-f436ab02ccd8;TOURET DE CABLE
01982d33-5bd4-72e0-9ebb-3cf744a28d1c;Rouleau de Moquette, retour au vendeur
01982d39-afe3-7ff6-81e3-c34ae841b529;carrelage
01982d49-f11b-739e-a5dd-509a700a0309;Lots
01982d4f-8e3c-7db4-8136-0ab3885d0040;Lot commissaire priseur
01982d55-bd5c-7dd5-9bd2-7b2349f03767;2 POTEAUX CREUX ALU DE 250CM/8CM/4CM pour pan/sign
01982df5-0db1-7fa1-81e9-4291e19e6403;objet électronique sans batterie
019830ac-5d71-79a2-b2f4-d905c30e94be;carton
019830e4-83de-7bb9-bf27-6f128d551196;Tes
01983167-662a-7113-a3dc-817d32d129f1;Matériel de chantier
0198316b-2ac8-793b-8218-d2305ae3ea16;JANTE + PNEU
019831ee-83fe-7bc1-b675-84d16d762e53;tampon fonte
0198320d-2334-7612-a899-ce52fc452d09;KIDES + KI VNODE 6
0198320f-595a-7256-8e2c-0a730932773a;KIDES + KI VNODE 6
0198322a-73f4-7b17-b150-413452a2e9a2;SONDES THERMIQUES
0198325c-8122-7474-820c-8dfd1a7e3c6b;Fragile
01983267-73ce-77ae-bcab-37e4c60a88a2;Fragile
0198326a-8579-71ba-ad50-3f706e543445;Fragile
019832ab-bcc6-7271-ae46-7c90ac5bbcbf;MP PRO 4X4K
019832ad-4155-7b11-b380-dbcf11ae9a75;PROFILES ALU
019832d7-1eef-702a-8761-0a61b0c11f9b;céramique
0198364b-5aa6-7919-bdb7-1b4c9216b891;1 Sac de céréales de blé de 1 kg
01983655-47b8-7535-acc9-5f2afb8c6ea5;Vins
0198365a-5323-736a-b30c-30e51a6fbb5c;Tewtb
019836ad-4960-703d-bef6-586a2b25ac73;PANNEAUX SIGNALETIQUE
0198380b-c3e6-7a43-9d25-13a05c679427;Enveloppe Securepac
01983856-ab10-7653-bf54-0911dd13e8a8;Châssis ALUMINIUM
01983872-756a-7f34-87c7-b2185b680ba1;Châssis ALUMINIUM
01983b3f-3920-715e-ae69-b5145d81d96e;Fragile
01983b62-eee2-7b24-b22e-adb744327f16;POMPE DE TONNE A LISIER
01983b7e-9918-7a2a-b096-18947b0181e3;DCP FILM A NOS AMOURS
01983b83-2512-7126-978b-49f69c84984c;Matériel électrique
01983b84-4fd3-760f-a011-a7925465ec81;Machine press agrume
01983b88-ed72-7c7f-b2e5-a3aad7ca56de;Machine press agrume
01983bac-ccc6-7201-ae0f-aa73197b0816;pompe hydraulique
01983c28-c1c6-77f9-9a19-07f4ae2615f2;electro -pompe
01983c48-13dc-7c29-8f9e-65f800291298;palette europe
01983ca0-ee85-7e7f-b8ec-136fc4df0b5b;onduleurs
01983cba-3d31-779a-9ac4-3ae164fa985e;Serrure électrique
01983d14-70dd-7221-b71a-423957070624;compteurs
01983d20-fe68-7623-878b-de1cdad5c699;compteurs
01983e6e-6c52-78cf-804b-aa76a663a84d;mobilier
01984061-243b-725c-9689-6bde15f2508e;Volets roulants
01984091-64f1-7370-b291-0fff19dc22dd;
01984093-a8dd-74cc-aa53-bb17deef685e;cartons contenant des compteurs d'eau
019840b4-4bf7-79be-a526-80f202469d86;1 siege
019840c8-878a-7a1d-8c11-629b0ff91e99;livres
019840e7-b412-70c7-9654-dd121eec5a89;Electronique
019841cf-7654-7536-a501-4c5a114eda98;caisson de basse
019841ee-c579-749b-99af-259e25793708;table basse et patères
01984246-87fb-788c-8fe1-ea380a0eeea9;NOIX DE CAJOU
0198424c-e0b6-790c-b6b8-4f27fdf0c7a0;NOIX DE CAJOU
0198425c-22b0-7ebb-8986-fbd2bc7d831b;rideaux air chaud
01984751-8ebe-7370-9e32-b8f705a847a7;Vélo électrique
01984866-f5eb-75f9-b9e7-dec401d8ee9c;hms
01984beb-c188-7888-a5f4-839b9ebd75b4;Vélo
01984d06-e191-70d8-a6be-4b3271d6f34a;Plaque emaillée
01984fb8-fdb8-7148-941e-d1e27b7c3a1a;emballages en carton
01985030-1acc-79f4-a25b-34c47e2149fe;Déshumidificateur avec support et chauffage
0198503c-c3a4-740a-89d2-f92d5a44d7b5;Déshumidificateur avec et support et chauffage
01985069-6cb3-74ef-8f8d-d597494b80fb;500 NEMA LoRA
0198507d-968c-757a-ac1b-48254308ea19;onduleurs
019850e1-a337-754c-9992-b08e9feb5962;matériel électrique
01985156-3568-7361-8d1c-c9fec90b1b45;modem
01985170-687c-755d-b00b-500c6b567cfb;Fragile - Matériels prestation PMR
0198517d-c04c-7b6b-a5de-84c5dcd0cd3d;Serveurs
0198517f-087a-73d0-b043-bbf5f7c57f83;Mousse en forme
01985282-1f05-7a30-9bb9-855fa29c1a7b;2 pare chocs et 2 bas de caisses de voiture
01985284-777d-7140-a9f6-be188cc176fb;2 pare choc, 2 bas de caisse et 2 extensions ailes
01985531-e0f6-74e7-b62c-19098d1f8fc8;Genou prothétique
0198555b-4b70-73e3-b9f6-962acc8e060e;Vanille
0198555b-dc6e-7ef7-b87d-d2d553b70974;Cuve evier
0198559c-dcd3-7b96-9751-6cad8000fd74;PIECES DETACHEES
0198561c-d428-7f6b-8afe-f19fedd7082f;EMO5134 Sennecy Le Grand
0198563a-4d0b-7296-9ecb-82c6421cdef5;bloc-vis
01985687-d1e1-7ab2-8185-b7a50e9b5078;ROLL UP
0198568c-d79a-7d0f-a1ae-6e60f3cc80f7;Boites plastique
019856bb-0e25-7973-b8f3-25911fedd5fd;consigne
019856cd-9eab-7fe0-b7d0-209845077041;Produits cosmétiques
0198571f-f739-778d-9717-1af137bdb036;EMO5134 Sennecy Le Grand
019858ab-e696-7b18-9f74-9d1fb38417bd;cantine avec deux poigne
01985a04-c97a-77c7-9b6e-e270252a9f35;Produits cosmétiques
01985a05-9882-7dfd-ae1c-84492a6297df;Produits cosmétiques
01985a06-beea-7959-9926-3485face118c;Produits cosmétiques
01985a37-cfdd-7e37-8b2d-28eca96038c0;ARBRE DE SPIRE
01985a3d-2460-7fde-a5ab-b0acf0205b8e;fourche de chariot
01985a59-b492-7080-91f4-2a5a14aeeafa;general cargo
01985a73-9da3-7e89-a984-ff0cc3be433a;consigne
01985a83-a01d-7908-96dc-e5d49a24eab4;consigne
01985a88-ffbb-727a-b4d4-0f56d31bc546;Caisson appel x15
01985b79-c203-7f94-9c03-18489423768f;argile
01985b7d-2116-7fba-b326-5fd5b903aabc;Bornes de recharge
01985b96-91a0-701e-b365-75f6ee3672fe;Bornes de recharge
01985bd4-b6cd-7e1d-b4c6-ece4262feb7d;Hayon de Mégane
01985f20-7710-7c47-aa5d-1b9682e5604d;compresseur - pompe
01985f64-4d93-7eb6-9d3b-8c2f6f3bc01a;Der
01985f73-aa17-754b-b0f0-e4bb735de636;BROUETTE ELECTRIQUE
01985f9e-51c6-71a8-94af-7f3c7ac5d5b3;matériel élec
01985fc0-6d2c-761a-b3cc-036b65df5ac1;general cargo
0198601a-03b3-7a48-904d-31f25e09b6d9;Moule acier injection plastique
01986021-0af7-7b64-ac6a-9d9c0bbf94c0;camera
0198605e-a6b1-7b3b-93ee-cba56fea705d;camera
01986092-103a-7a9d-b577-decf030617a2;échantillon de film alimentaire.
019860fd-1937-7b59-ab26-7d97fde022c0;Kit de peséée
01986102-12bd-7af4-82dc-4f7cbd087ce9;CARTON REVETEMENT TOIT
019864b5-9ddf-79e7-820f-c16249307a20;clavier instrument
019864c7-a0a7-7c99-b30f-342d2d1544ae;Appareil electronique
019864f0-4698-73aa-8c82-7b97af1dfe55;Appareil electronique
0198650a-8b22-700e-a2b0-79d351e3cf95;supports d'écrans
01986589-2b1e-71b9-aeec-dfd62e802a0d;Frigo Trimix
019865f0-43b4-7cbc-8109-8e2fd315f975;pump
01986639-9cf9-7d4b-b1f6-c84fb2c2aa12;bloc moteur
0198665d-5a37-7b99-a639-0436ae74a09a;Hayon de Mégane 2
019869e4-3107-7098-85b1-736b03434908;plateaux
019873f6-1989-7d04-86d3-093028ec9494;SERTISEUSE + BATTERIE + CHARGEUR
019873fe-9aa5-7486-a46e-36bee699b40d;SERTISSEUSE BATTERIE CHARGEUR
019874ea-94ce-7c1a-8ca1-340575b80a31;Battery Light / Flash Light
019874ee-448e-74cc-b685-207818ff5b3f;Battery Light / Flash Light
019874fa-fb4c-7fce-9148-1a149ab47206;MOULES ET CLAIES FROMAGES
01987549-3eec-7938-a81c-a5e2d06bdccc;FARINE ALIMENTAIRE
0198754e-0f8d-79b8-a1dc-d887d3c87b9a;materiel
0198755b-cdb1-77f0-92b6-602dd7b2cd9a;appareil de laboratoire
01987567-4f3e-747e-accf-d529e733eb02;Carton
01987568-957f-7364-912a-a9d4f84f2de7;Carton
0198757c-95db-7719-8953-c12d4e3e0286;COURRIER SENSIBLE
0198757c-dac2-77e9-b2a8-f39642468137;Canapé
01987593-6418-7ea5-89c0-e8ebd493ff4e;MATERIEL
0198760f-3a8e-7749-85a7-ffe5d55b39b2;coffret electrique
0198767f-b9a1-7233-bab5-ae683eaddfb7;Deux siège auto
019878c8-4f8e-789b-9faf-14daf3c68758;module cecu
0198790f-629b-77c4-a45b-5e57aacbab7b;platine EDL
01987985-ae6a-75e9-9043-32adcbe03901;Compensateur acier DN200
0198799c-23b6-7db4-a82c-b72607155553;Atelier A0 du SDNC / Numérisation des plans
0198799f-b0ad-7ca2-968e-62b0ce5f688d;BLOCS BETON
019879af-2a10-7291-b9d4-c1803177925a;ZELLIGES ET COLLE
019879b0-1c29-701b-b78a-0dded88d9785;Banquettes pour restaurant
019879e0-d7a4-7145-a2f7-5b3c47a0bf31;Flight Case sur Roulette avec Console de mixage
019879e3-cd5e-74a7-bbd9-cb32cab7d039;couplemetre
01987a4b-c70e-772d-a43f-1192d856801e;PIECES MECANIQUE
01987a63-b183-70e1-aa31-db883f764e0c;matériels
01987a67-ca1e-79c1-9196-cfd1c24ff286;barre attelage
01987a72-55e8-7c8a-a9b5-74abaef81103;Mélangeur de gaz
01987aa5-8f59-7333-9ebd-67c54a74236c;enveloppe
01987add-a4f5-7bb3-aebd-03ab89d82772;POMPE
01987b1e-c522-79b5-96ee-59ba079873a5;Fleurs
01987bb6-4acc-715b-89bd-e960ed355bfd;Tuyau caoutchouc et détendeur
01987e55-d489-762e-a108-9e66804d3115;Matériel assainissement
01987e92-d13c-7ee2-b541-147c4cfe7f7c;Moteur ventilateur
01987e9f-f520-75bf-8935-8d744790df9d;Brosses plastiques
01987eaa-3e6e-7369-a92c-d968f9c3ad4a;1 colis
01987edd-ee6c-7b7a-b938-992ead879c1a;FLY case en bois à roulette avec 1x IVL PHOTON
01987ee1-466c-7141-8f6b-033d4216be18;FLY case en bois à roulette avec 1x IVL PHOTON
01987ee2-d9f8-785f-9a23-10be81198454;FLY case en bois à roulette avec 1x IVL PHOTON
01987f62-51e6-716c-acd9-eaa19fa9020a;Indicaeur de pesage, terminal tactile
01987f74-c368-7c1f-a850-ec2dd639d36c;Echantillon
01987f88-4834-700f-8598-431d31c29eb7;Dossier médical
01987f90-df46-7cc3-b4da-58e1cd4c8b7f;pièces agricoles
01987fa7-e264-7052-911b-1b68a7239657;matériel de soudure
01988072-8db6-727f-9d9a-1106c1ce8c69;Formulation liquide technique
01988344-a34f-7146-8e63-524888154322;D
0198836c-1272-7e06-8033-0e7c3d290755;dE
0198836e-0af8-749e-b903-375ba3b6ae91;Colis Fragile
0198838a-1f03-73a9-9c13-0abaed4b5e8e;wc
019883a8-d701-7511-8b09-a5f2ab7ee157;Echantillon
019883f5-d592-7cc5-80da-0660e4627b07;POMPE ET CABLE
019883f9-61b0-755e-8d61-aebc0a7f2cab;divers non dangereux
019883fb-9cd0-797b-ac96-c57bba310f2f;TROTINETTE ELECTRIQUE
01988463-3981-7972-b260-303da208a8c2;FLY case en bois à roulette avec 1x IVL PHOTON
019884a4-5894-77a2-b053-edfd06e1e487;industriel
019884ed-87dc-7aac-9d9c-68ed99ee6cc9;planche bois et metal
01988865-7fcf-7396-b30b-2bfe4d9b80c1;pas dangereux ni fragile
019888c7-3a15-7a90-976e-3f0c08865e86;pièces agricoles
019888cc-a546-7225-b3ad-38b557d5a1e0;papier
019888d9-8be2-7d58-b196-a9d5285d4878;Brise roche hydraulique + petit godet
01988935-259b-72fc-b6dc-90093c6aa5c1;SIEGES DE VOITURES
01988a0c-a231-74da-894d-4ee515df0c79;TROTINETTE ELECTRIQUE
01988a2a-5b35-7aac-b94c-613792fdbcdc;Scellés judiciaires
01988a43-e189-7d2d-8be3-262afcaca1f9;UNE STRUCTURE EN BOIS
01988a75-1144-7555-b799-b1febb4e07f7;Agencement rayons
01988f71-1946-75da-a008-2b31ef9b0192;STATUE
01988f72-a475-7012-8ea2-89804be960d3;Vélo carbone
0198928d-182e-797b-9fd8-6347f1c7fc4e;
01989809-9045-770f-917a-24e45164061a;1 pneumatique
01989816-9978-760a-a17a-ac68846561c4;meuble de salle de bain
0198981d-ba12-7f83-9e13-7ea2858db1f1;Pièces usinées
01989879-7f62-756c-8d83-22ea23b64c3a;Drone
0198988f-0441-789b-9d34-d75015ffecda;Fragile
01989929-edf6-7b1b-8aa5-6564d3523008;BARRE DE TOIT
0198993b-4b82-7569-afeb-4aff37e60461;DE
0198993d-2186-7d07-b43c-35ad80d2999d;carte électronique
01989948-59c3-72f6-87c4-ecb1dd94825a;bande de rive
0198996d-0dc8-7f6d-8edd-36616c9b4153;PRODUITS TRES FRAGILE
01989d39-308a-7cc9-99f1-5ba32d5bf084;Crochet de pesage
01989d3e-989d-79f1-9d4b-f631fe40a3bb;Crochet de pesage
01989d4b-f90b-7279-b056-3219d9fc9fa7;Compresseur d'air à vis
01989d68-f43c-7b6c-8e54-8a21aa0b37c1;Matériel électronique
01989db9-8dc2-7937-b20b-ba26cb11c4a8;MODULO PLAYER
01989dff-53a7-7273-83aa-19b400a61ac0;drone
01989e4c-3bfb-7a5c-ac19-6c86984faebf;marchandises
01989ed1-a0c0-7d8d-b20f-d534c3e4d370;Velo
01989ee6-e3ce-7d73-8a2a-4354e7ed499a;POMPE
01989f25-a9fc-721f-b991-a1f0c21a2b73;velo
0198a22d-f708-75e5-881e-18bd81161ed0;enregistreur vega
0198a246-b401-77a3-b857-c44fef988bc3;Produit industriel fragile FIDEMECA
0198a250-f3a4-7413-b0a1-63495e67ff93;Produit industriel fragile FIDEMECA
0198a261-2bfc-7919-8da1-cebbd6bd5b3d;cle hydraulique
0198a2cf-683c-742b-97df-783af6b853b5;pièce mécanique
0198a2f3-f387-703f-b091-caf9237c268f;Fleurs artificielles
0198a346-d805-79fe-910b-cbfb9e477944;Matériel électronique 9DR014
0198a34a-0745-7c44-bc37-cb12ed6e5aff;COMPACTION TOOL
0198a3e2-c1b7-7c64-a1fb-f9cb705b3409;Ecran
0198a3f0-1bcb-7f1d-bf8c-99f0f3116c79;Produit solaire
0198a3f6-711a-7e08-8ac7-aad40c845e71;Ecran
0198a746-2290-7463-b464-223f3cbf1b29;pièce mécanique
0198a79c-7e1c-7300-b3de-21b7a31ca75c;dz
0198a8cf-17bb-7750-b6fa-faaa7c514959;ROUTEURS
0198b261-acec-70eb-a488-a0959daeff2a;TABLE ET CHAISSE DE JARDIN
0198b289-18aa-793b-b57e-eda690c283d5;
0198b2b1-b9da-795f-8047-442adf6c0cc8;jantes voiture
0198b979-932d-733f-89be-799eda442e95;2 siège avant et les banquette arrière de voiture
0198bc65-6a0d-7b8c-a057-b722f05a348f;Matériel de laboratoire fragile
0198bc67-daf0-79a6-82f9-8e8d6e08c8ce;matériel de manutention
0198bc82-c4c2-74e1-9c8c-1206248224fd;Palette contenant 3 onduleurs SMA SMC 10 000TL-10
0198bcba-9bd7-7a1c-95ae-6afc1ed942b5;Bache
0198bcc6-c87e-7517-b5ac-ae99de39cbb3;Bac à litière
0198bd28-2d22-73f8-8d81-73dda801a36b;Enceintes
0198bd36-36d6-7f00-a367-5b9e4d87f6e2;tableau
0198c109-c9a8-772c-af26-87a727e38e61;Malette équipement
0198c1be-1153-7cc4-98ca-27dcc155a777;feu encombrement
0198c1c6-5840-7749-8376-f4ad51cd864d;COURROIE + TAPIS
0198c1f7-d142-7178-bc04-133fc8d91d35;PLAQUES SIGNALETIQUES IMPRIMEES
0198c210-f314-74a7-8d2c-69a67f29a9c6;2 pieds de sièges auto
0198c235-4532-702c-963b-0ee8d92bbc8c;manipulateur
0198c239-5001-7b51-ab5d-30d98ab81060;CARTON DE PIECES QUICKE
0198c280-c811-7dc1-bc4d-09be9d51b90a;Meuble
0198c2ba-421d-73b8-aeea-f270bcc2c676;Voitures électriques pour enfants
0198c2c2-1eee-7998-8e4f-262b997e5d1f;CAPOT DE VOITURE
0198c30b-0e98-7e8b-bfcb-48e14149ec9d;MOTEUR
0198c332-c6b8-790f-94af-0cdab4f74d54;Piece mecanique
0198c629-0946-7558-b087-c313fe14c02c;Imprimante
0198c641-3247-7130-ab46-4502eb85aa8e;Petit équipement
0198c644-0adb-7cf4-bf23-c311a86d3945;Pïèce electrique
0198c651-efa6-718d-b04a-05518dd12330;électronique
0198c657-02a5-7a1e-bfef-4e09f75004f6;électronique
0198c66c-f2a2-7c13-a605-376a4f2a5333;Debitmetre
0198c688-42bd-7c5a-bff7-9cd5f51caf2f;Ventouse pour adduction eau potable
0198c694-87f9-7aa6-aebd-b2d99431f3fb;colis fragile
0198c69f-7f7f-7e36-9089-673ac7ef7ec5;Ventouse pour adduction eau potable
0198c6c6-6cbe-78bf-8de8-0f7445ad4255;Affiches
0198c6da-d09d-7cc2-a8d6-2a2a04c57809;Affiches
0198c741-7e15-79eb-8cf4-3c03b366cbf4;pièce mécanique
0198c793-1217-7b48-b008-c517fec96586;pot echappement
0198c798-daab-7832-ac38-9926384684f9;Pièces Mécaniques
0198c7a6-c6f0-7d19-a527-ca6c2c774981;Cartes plastiques de collégiens
0198c7b2-041e-7d7b-b50a-d0c274ba1c9f;Prélèvements judiciaires
0198c831-d5ff-705b-8225-992e233958b6;Imprimante
0198cb62-1547-77bd-9159-d6c7462606d5;Machine
0198cb6c-a292-7bc8-96a1-c7317bf1798f;pièces détachées
0198cb82-3dc6-7d94-8d74-60e01b1593a4;ordinateurs
0198cbaa-24b1-701c-a498-27f2565d7c1a;Velo
0198cbaf-f541-7d13-9823-0062b0407268;CESSION 40003105
0198cbb8-05b7-7487-8737-5d90816afab4;MONNAYEUR
0198cbe6-65c3-7f96-9bf6-3a146e330981;Outillages pour perceuse
0198cc56-83a3-7681-bdd9-3cd07a8a62fa;Un flighcase contenant une timbale
0198cc9a-3c53-7de1-8428-4f7ffe614a6f;Moteur Bateau
0198cd4f-c999-7e8d-b448-ba28b5a663d0;Boîte automatique
0198d091-b8a1-7e05-aabe-ce098a470c24;demi palette fragile
0198d0c8-2598-7e41-9e07-4752e87fb6a6;Grilles fonte
0198d0db-b183-7bb0-b28a-630e835626c8;Grilles fonte
0198d12f-b33c-7407-a44c-a9d77777e210;Matériel télécoms
0198d130-91cf-7037-8ef4-d527462a62cc;Matériel télécoms
0198d1eb-44b8-7671-a38b-c77b862bfbbf;Fauteuil de bureau
0198d627-f773-770d-a0ed-8e03d3a8fefa;Banc en bois
0198dce6-6f09-73cc-9628-924a440d0aca;Formulation liquide technique
0198dcec-bacc-7efe-910a-f82d5b4ef008;pièce métal
0198e076-918a-73ea-b8b8-31ced6a2b310;Boitier electronique
0198e07c-9288-7698-a2a8-1ad1acfe89d5;vélo
0198e0be-0c26-7662-b7db-d91985ff5334;2 tubes métalliques
0198e0e2-5c77-74ab-b069-4d87a23ea749;motoréducteur
0198e109-0a40-77c9-82d8-cd39f2129d77;Kit rail portail coulissant
0198e12a-578b-7bf5-9a28-477c1e74ca01;Moteur automobile
0198e12d-c050-73fc-b0ae-291acb7ba26f;Kit rail portail coulissant
0198e130-77ad-7250-b061-127b74cc8862;machine accoustique
0198e156-fac7-7699-a063-2e3c1f008860;circuits pour transformateurs électriques
0198e1b9-faae-73aa-b052-e3e2806d486a;Serveur Multimédia
0198e583-2732-70f6-aa70-2ec10cc621b8;pièces usures agricoles
0198e5ad-fce6-7b2d-beb5-f4271623ab17;support alu
0198e5d1-20e5-7fac-a8b1-3b58fc2e3c58;Cordons
0198e5d4-17d5-7de0-8e15-a72197dd5749;Shoes
0198e5e1-41f8-7392-ac93-478dd0854dd6;Shoes
0198e5ea-6961-7947-a6e8-b309b70fbab3;pièce plastique autimobile
0198e60e-9a06-7dc6-a7a0-8f2c2cf7b095;2 siège de voiture et les 2 banquette arrière
0198e654-c0a6-7f80-9e0e-3bcc60084630;Radio Attx SNCF
0198e65f-fbe9-7071-82db-4ae9d0a04371;boite de vitesse
0198e69f-6d6e-7e07-8a65-3f1d307e8210;Ouvre d'art / céramique
0198e6dd-dfff-7208-93da-267ba650649c;Pare choc arrière
0198e6ec-7cf7-7a6b-9169-fa2b96f18260;sellerie pour van
0198ea6f-3ebb-76cc-9806-3e11736dfb4e;matériel d'aéroggomage
0198ea76-cd82-748b-a78b-b35826555b46;Guillotine de verrouillage
0198ea86-94cb-720c-a9a6-0a462201374d;Clôture et jardin lame pvc
0198ea8a-abed-7b0c-9eda-0784717b84fe;Générateur
0198ea8a-f424-741f-94cf-b3e7936be081;Guillotine de verrouillage
0198ea8c-2ced-7b51-8817-e21744508f35;Guillotine de verrouillage
0198ea94-5124-7b79-98cb-46f8b09489db;
0198eab1-9806-7d52-814d-b2e842bd9c74;matériel d'aérogommage
0198eac7-1ab2-7807-8172-0c6b5daa1d3f;matériel électrique non dangereux
0198ebab-d5c9-7910-acae-8703119631c4;Plateaux en bois petit déjeuner
0198ebb2-9e26-76fa-ae20-418b64aa71c3;Plateaux en bois petit déjeuner
0198ebe8-0a31-78c8-bfbd-4b0968691658;dispositif DTI
0198ec06-d046-7152-9410-cfa982d24978;PRODUITS FRAGILE
0198ec2b-9740-7b65-b062-3b35eeb9d16b;MODULO PLAYER ULTRA
0198ec2c-b3af-7946-ab66-c76437139798;MODULO PLAYER ULTRA
0198ec31-f869-73d5-ba26-bdb63a91a256;MODULO PLAYER ULTRA 4
0198ef1e-6ae3-700e-8a66-e0679f64f42d;MOTEUR VENTILATEUR ET CONTACTEUR 9A
0198ef6f-9af7-78fd-ae0b-4ebdf77ca3cf;support alu
0198ef95-e556-74bc-9190-218f157062b2;Instrumentation de mesure
0198ef9a-7901-788d-b61e-098ffca3a04f;Pièces mécanique
0198efbf-97dc-7cfb-9075-abcc2d67f78c;verin hydraulique
0198efdf-7e3c-7af4-a41f-25dd5faba6cd;matériel agricole
0198efe7-760b-77d7-b370-577f9b875585;Cartons d'archives
0198eff7-bade-7217-9d73-bea846f7ca25;moteur
0198eff9-25eb-743f-98ba-6f1a0b11eaac;Marchandise ordinaire
0198f019-527d-764e-9c3a-b4516df49023;moteur
0198f02c-b02d-78bb-a98f-f13062bc8624;Boîtes plastiques, cartons
0198f0d5-0c5b-7079-9c1a-b98561eba359;Tecnoinox - Sauteuse basculante gaz
0198f0e8-05d7-7b3d-bdeb-446676906188;pièce automobile
0198f154-ec46-74da-994f-c7fb46bb189c;Serveurs Multimédias
0198f493-05ca-745a-be0b-8bddbb272186;Matériel de laboratoire
0198f4ec-5c94-7232-ab9a-aa591b30c23f;TEXTILE
0198f4f6-8234-7c26-8b87-1ea439175d8e;Tv écran Plat
0198f51a-438c-71a6-b25b-67008c7d8a70;dispositif PTI
0198f51c-71cd-7789-85bf-48066e3f4baf;Dartboard
0198f51c-9690-7ae0-bcde-5de050d07e5f;dispositif PTI
0198f535-ea8f-7528-b5a5-a142931376c5;Machine
0198f543-1282-74b6-9cfa-8ae446fd6ad5;pièce automobile
0198f55d-c8a0-74c6-8715-cffe7e9147d6;pièce automobile
0198f5e2-3506-7cdd-af84-4c51b21f8040;2 Serveurs Multimédias
0198f5e3-8a55-7ee0-a0a8-c97c7133b02d;Machine
0198f5e5-01f5-7e7a-89fa-688b0dab573e;Machine
0198f5eb-89ed-78fb-8585-a721806a0b14;Machine
0198f625-23b9-7c1a-b47c-6983b75dc486;MATERIEL OPTIQUE
0198f662-721c-78c8-bacb-0b81f5603ebc;pupitre
0198fa54-e8d8-796c-b36c-ed63005f1364;POMPE
0199049d-061e-7fec-885a-c731b1cd1549;SDZ
0199049d-2c21-79df-9534-912322de5bf4;
019904a6-af27-7d8a-9fa4-f96a1ec063f2;dry shypper
019904c1-13ab-7d81-aea2-748f1c6cc899;accessoires
01990501-4137-7758-abdc-62decdf9f674;demi palette de petit parasoles
0199051a-51a5-7939-a801-244e4a385628;Armoire parisienne
0199051b-5c2a-79d2-b0d2-df9cd4d26c04;
01990536-94c1-7e9c-b543-965c0ede0fb7;dispositif PTI
0199053e-1a6a-768e-a512-ab615f48d268;demi palette de petit parasoles
01990540-6554-7c0f-bbcf-a0f3f2366535;une roue de la mousse en bois, fragile
0199057b-b340-7af5-97cd-d3a3932c3bd5;Matériel informatique
01990580-4c6f-736e-9972-8a13439fd220;SDZ
01990590-158c-7339-8499-12b1f514566e;SEUILS EN ACIER
0199059f-53fe-73c8-988c-886adbfbac97;1 carton sur palette
019905b5-33b3-75a0-8f66-cb0a4e53cd6b;Vélo
019905c7-f13e-7a4b-b618-23a1a06f937b;serveur informatique
019905c8-441f-7dc7-a6ce-81cc76738c3e;C'est une cuve d'oxygène liquide (VIDE).
019905d7-9db5-7e61-900f-7abd94c99d83;DIVERS
01990605-fb9b-79af-8833-ad1f84de6fd9;pièce automobile
01990637-a5be-7ed2-b644-8e9c2792da94;Accessoires
01990637-ad48-763c-9a0a-4e641270f459;pièces de moto
0199063f-96a3-73e4-98e6-e61905bb1fb6;pièces de moto
01990647-c4ed-78bb-a2b9-5b55bbad4c5b;pièces de moto
01990651-b3da-7707-a5ef-9c39cf72cc64;pièces de moto
01990951-0056-7aca-9955-7c9bf93a1851;Lay z SPA HONOLULU
01990984-2049-7911-8233-168da428fcc2;SDZ
019909b8-d56c-7a07-ba2f-f078b685b37d;PIECES CARROSSERIE
01990a6d-d44b-73cf-a555-b4acdcea1072;box cable
01990a81-5558-7707-b13e-12c361ea1ff4;Pouf en lin craie 100x100cm
01990a96-2b12-70ae-bd70-0bd623e54bab;MATERIELS TOITURES
01990ad4-3af8-7d39-bf85-7430a6187d17;box cable
01990e53-407b-759d-97bb-b260281a1ccb;Composants elctroniques
01990e6d-31d6-7bee-a2a8-3acd65a36f75;Alvéole
01990e7d-6737-7e1c-a0da-0131cf6f4069;SEUILS EN ACIER
01990eb6-1515-7972-9be9-fb435d425403;Plateau coulissant
01990ecf-9ea2-7c97-9f4b-567a93a28b4b;MOTEUR VENTILATEUR ET CONTACTEUR 9A
01990ede-779a-7de5-828b-5457ab94a06e;D3
01990edf-8255-7617-8c65-10c65ba42039;SDZ
01990f20-bfb2-7f56-bfbf-4fafc1c26a97;vélo
01990f9b-28ed-7dc3-8a3d-d4204c0fa7c6;Graines de Pois et Féverole
01990f9c-fb62-7524-9429-2ad4e9cac607;portière entière avec vitre
01990fab-68a1-71d5-ae75-6be09c1149ce;compresseur
01990fb1-1e25-7054-bc8b-ff62d95cfc85;retour piece
01990ffd-84d9-78d2-a498-17e5407d1329;arche
0199100b-b1f6-7048-8213-5538e3ea3d80;Détecteur de réseaux
0199100d-4447-7bc5-8aa8-0fd9d39eb7bd;Cartons
01991033-679e-7e1e-9274-fcb351a9e5dc;CARRELAGE
0199103a-d048-7048-bfe0-73a140505961;boitier electronique
01991348-3601-736e-8c35-6a383a9e99ea;thé en bouteilles verre
0199135c-7c6f-7b1d-8fb5-ef8b81d15cdb;thé en bouteilles verre
0199137a-fe56-786c-8000-5442b3bf83f2;PLV
0199139d-aafc-75a0-b21c-88c505662b7f;VALISE DE TRANSPORT
019913af-9f6d-7310-86d6-00a6c3117e2a;Cartons documents papier
019913ba-36da-7d21-8e53-2e1d53f1d60d;materiel electrique
019913c1-7da3-7d0f-b879-cac7afec8a78;SDZ
019913c9-4f26-79b0-bfd1-597b2ba9ea69;BACHE
019913dc-d285-7c23-b2ed-65a4dadd0274;Plaques plastiques
0199140d-00b8-77fb-bbee-bc7a794526c2;carton de produit de dermatologies
01991413-0881-71d7-8ebc-9dcf06c94cf3;CADEAUX ET ECHANTILLONS
01991428-3b2b-710c-941f-3e864c4c6184;Ventilateur + moteur
019914a1-0d4a-7d20-af7a-0c258da745a9;Pièces
019914b3-0d98-72da-9455-5e3f55240bee;info
019914d5-085c-7505-8f95-ccc7325a0279;CYCLO
019914e0-4ab0-7d56-b097-8ef583f37002;Banquette en bois
019914ef-a3cb-757b-9964-b59e00702e8d;4 peneu neuf pour bobcat
0199150b-c2e8-7f4b-acec-3e51639d315d;moteurs de volets roulants
01991514-1cfb-73bc-88c9-f19a6204ef26;Bois
01991520-1d0b-7d65-b0b3-c4bf8e7302c8;Pieces motos, carénages
0199156d-dbfb-75c8-96c5-6e94ec6a6dcf;baignoire
01991574-c25c-7a91-ad88-bc42a9199ab1;Armoires métaliques
01991576-e5f9-7807-bb66-b75a7b6988c0;tube alu
01991619-c1dd-788b-9565-90ed8f1f9a2b;Matériel professionnel
01991660-344b-791f-ba92-2badd7227c9d;Pot d'échappement
019918a0-f5d5-7dcd-ae51-b386ff9d88b4;Perforateur
019918a9-775e-7dca-92f3-5359bb7f6e88;PLV
019918e6-65ba-78ea-85a4-0964cd514de3;Détecteurs 4 gaz
01991906-f497-736e-9425-2077c0f1db7c;Carton contenant un dossier papier
01991934-53bd-784f-a80c-3e157512a9a0;PIECES CARROSSERIE
01991936-8910-72d7-b636-b19e4f3e9674;BOULONNERIE
01991943-b744-79c5-a5f3-79d502d1412f;Carton contenant un dossier papier
01991982-0e6b-744f-9e81-e682b9e65e7e;boulonnerie
01991991-d8fd-7e4a-a1cd-c52323f41528;TRES FRAGILE, CARRELAGE
019919b7-650d-76fc-8c2f-d535193b4a64;Airbag
019919b9-b33f-770b-9ac1-7ba7f44046ed;Airbag
019919c5-2934-7d40-a909-e77679592238;Soudeuse
019919c8-7b1a-7760-935d-02f3469490b6;Soudeuse
01991a2b-23db-7145-bb37-38c24b30ca9d;FILTRES NEUFS
01991a5c-d8a5-762a-95e6-a468852fc20c;FILTRES NEUFS
01991a9c-ed7e-7ec1-b0b7-60556ab97ef0;FLYER + DEPLIANT
0199258d-f024-7f10-a835-9095675fdb45;Perche élagueuse
019925a3-79a9-7c25-92a9-10839dc54b4f;téléviseur
01992834-2813-7835-a932-67d01d9bc47e;HUILE DE POMPE A VIDE
0199284a-009a-7c15-81e5-78457a688fac;Bassine
0199284e-f5fe-7144-b4d9-4c32fef3d73f;FLYER + DEPLIANT
0199287e-2207-70e8-a9e8-417c6a127077;Toiles de tamis
0199287f-9331-7c10-b053-9433b2a5b8ca;
019928d3-7b3a-7502-8d39-9ab86cb238f8;Pouf en lin craie 100x100cm
019928e0-aaf5-710a-8a70-c130fc946d0e;Pouf en lin craie 100x100cm
019928f7-868d-77e9-92ac-4b03f7619bff;table basse bois
0199293e-888d-7d71-971a-cad9009df513;2 analyseurs de gaz : Palette non gerbable
01992945-6b4d-7a97-9534-fd8de45935ed;pièce mécanique
0199295b-f6aa-7699-8c09-af57a63b40f4;sacs en osier
0199296c-2805-7df3-ac43-c1870643f072;Tatamis
0199296c-e165-771b-8eba-42fb989504a3;2 CARTONS
01992998-b65e-70b9-9a71-331733ed6600;RACCORDS
019929bf-e4e8-7152-8fa7-b9fa2ea8f773;Végétaux
01992b5d-efaa-7dc1-8239-66be5d175d3e;MATERIEL PROFESSIONEL
01992d49-0048-76d8-89f8-e168fbbdec83;des coudes
01992dc4-df09-7273-baed-07458b309005;Une enveloppe
01992dce-d008-754d-91a0-703236f957e8;Une envellope
01992de1-f0a0-7222-9fcc-713b180197ba;CARTE DE VISISTE
01992dfd-e066-7438-90e4-48603802831f;verin hydraulique
01992e55-8e1a-7f25-9677-31a29a3be366;Composants électriques
01992e62-8aae-79a3-a260-99fa85db9d08;Structure végétales
01992ef7-bf47-704d-87b8-b8d6737a8688;panneaux signalétique
01992ef8-8491-724d-b4c2-eb54aee2e958;Cafetière
01992fe0-2d7d-7796-b6ac-ad2a7b62223d;Pieces motos, carénages
01993245-ecc2-7e9c-8538-73841ccc08ee;GRILLE AVALOIR EGOUT C250 PROFIL T
01993249-d9e3-7e04-ba09-69d3f8e2bf8b;Pliers
01993274-893d-7206-8a59-cc200a81159f;DE
0199328e-f3ab-7d7b-8f9a-8772b93ef8fe;Boite de vitesse avec pieces détachées sans huile
019932ae-9ec3-7f7f-b7ed-468099401e6b;Moteur de voiture
019932e8-c6f9-7209-aa06-3e34bcc8f194;armoire électrique et appareils de mesure
01993300-dd47-7ce5-9bdd-78845e60d5c8;Moteur véhicule
01993312-0592-74bd-b64b-c95d06becbc5;velo
01993358-792a-7467-ba59-518915e4a142;ECB
01993385-9d2d-7dc5-898d-c96b482e6f02;Table basse
01993386-02c9-71fc-8aa2-143dfe4fc8f1;de
01993399-c4a1-7c3b-a491-a57bd50a6cc5;
0199342b-6a39-77a1-ad4c-6e4f93e8d90c;Matériel audio
0199375b-5b4c-7b06-a878-801ddad76e13;PLAN DE TRAVAIL INOX
01993766-e878-7e03-925b-7cd27522115e;colis imple
019937af-b4b6-7b17-8843-671ba699d2a8;MATERIEL AUDIO
019937fe-7e57-74bd-a12f-03254c284204;Bois
01993822-33c1-77af-b710-f6253eacd6da;pièce agricole
019938a1-88ec-7827-95b1-cfc38fea9aee;MATERIEL TELECOMS
019938d2-15dc-748e-9c64-b49673a52666;LOGO 3D
019938da-8c4f-7974-a757-d81748da086e;LOGO 3D
019938ee-5ff5-7e87-943e-cf0fe0b8a621;Lampadaire
019938f0-275e-78a3-89d4-64a8b03c98a8;photocopieur
01993926-e285-7eef-b99b-eb82dd11732a;pièces jet ski
01993934-8b0e-7576-b599-3af281c571a8;ECHANTILLONS DE SOL
019939b4-f935-7894-853f-1a0d1e5c643b;Materiel cuisine
01993a25-4bea-7597-9995-2654c3a11038;Enseigne
01993cea-14c8-7293-a726-3f06c5d18c00;Materiel cuisine
01993cf9-14e2-757c-8333-9401262b6b14;pare choc arriere
01993d0a-544b-7939-b9d4-7464e0b92098;Table massage + tabouret
01993d0f-3e6f-706e-bc18-bc2a7f8f619f;BORNE PHOTO SELIZEE
01993d2a-ec2b-7a91-ae3c-7faa71199855;analyseur
01993e10-09ee-7a48-b9a8-beb37846b7b1;matériel informatique
019941fc-388f-786e-a18b-fc923fde11ef;Vetements
01994828-b39a-7e6b-abb2-70bf6fdc4084;Food
01994c47-b034-76d6-b33c-330cd51eb4a4;sphere
01994c66-e8a0-7445-95c2-681976da4b3c;Machine
01994c7d-003a-7fc6-af8d-7de27ed98065;moteur
01994c95-f9a7-7bf6-bd75-3fb2e94d4740;Télévision
01994d39-8bb2-7170-9aa1-f9c5e7bbf4c5;balises avifaunes
01994d3f-9730-7072-a620-a167dc4b7202;Pompe à chaleur encartonnée
01994d43-0eee-7d86-a48d-7e987bf14c9d;Pompe à chaleur encartonnée
01994d43-e5a9-7433-854d-6ae8f489879c;Pompe à chaleur encartonnée
01994d5c-6730-72d9-b278-f05c4ff5b605;habillage bois de pied d'ombrière
01994d60-1199-74e1-8329-6d885fe665dd;REHAUSSE
01994d7d-e34d-7400-91ed-fcd104b1a13d;
01994d91-d7b1-721a-b71b-9e7e453c9c4e;
01994d92-8761-71f9-8ecf-274bd9ef32a2;
01994d94-20e5-7f0a-9a20-4bcdfe2ef8bc;
01994d94-c099-75bf-8ed7-a191d013634f;
01994d96-5bcd-7390-ae60-c4885674dc44;boite de bains pour analyse
01994df3-2938-7952-9d38-1adf354f23e9;chaises
01995125-cc47-7efc-8291-629a65c74f69;extincteur
01995138-6d30-7f2d-9932-581d3a83e40c;Compteur de particules
0199516e-8de1-78d7-b4cd-379858169ded;Fragile, papier, photos, panneaux, livres
019951a2-9ea9-7253-84d1-ba128d0572bc;Caisse de transport de Moteur, de Bateau, Hors Boa
019951e5-fb52-72d7-b419-31dafa4abd72;MATERIEL INDUSTRIEL
019951ff-fe4d-7030-8a82-2e33672ecf90;hotte encastrable PANDO
01995210-6b0a-7490-a53b-f5fecc8afe71;moteur entièrement vidé de ses lubrifiants
01995242-ce00-7aad-8bdf-39ae4dd55cbf;carte electronique
0199528d-5a41-79e0-9f90-26ce8ca000e2;Machine industrielle
01995292-f976-7542-bbc6-366ee001f096;Portant a vêtements
01995299-18b4-7898-af77-5ed153b1798d;vérin hydraulique
019952a8-bc04-73f3-ad9b-dcd6f046cd83;KIT PORTE
019952ec-ea3a-76f4-84b1-8d39a9c077d2;valise plastique contenant 2 spectrophotomètres
019952f2-0e29-7132-b1e7-e32ffcd3166e;TC22
01995300-1c0e-7f3d-84e1-a4085afb7d68;Formulation liquide technique
01995313-030b-75d1-94bd-216c50b27b00;Système de traitement de surface par plasma
01995337-86f0-7a9c-9dfa-2c6cc360452c;bonbon
01995387-66fa-7404-8228-b63d9e89acf9;voile de planche à voile avec son mat
019956f1-fd9e-723e-8a59-6bb6a4f728a3;moteur bateau
0199573b-6bec-7f99-b4a8-2a6b814b3083;APPAREIL MEDICAL
0199573c-0d9b-7036-8a28-fd1ab1863912;Compresseur Clim
01995761-9392-718b-a15c-3c5bc712040d;8 panneaux avec poteaux + flèches, 8 ancres pieds
0199577a-1501-7ff7-bd99-825b2fb0b020;variateur
0199578d-9439-77eb-b97e-5d2c36dee3f2;VARIATEUR
01995794-7449-7bac-8422-01d7ed76172b;Sable
019957a6-d09d-7ecd-824b-973543f309e3;Supports métalliques dans une caisse palette plast
019957d2-a3d7-7460-b32d-d25a0a3747ac;MATERIEL DE CUISINE VARIO
019957e3-1c19-7c4b-b94b-84f49e99a5d2;voile et mat de planche à voile
019957ea-c75f-7eef-bf98-c986afaa5737;8 panneaux avec poteaux + flèches, 8 ancres pieds
019957f8-b467-7d9e-94c0-08fb74e27034;Armoire CPV
019957fc-5a4b-7ee4-b647-94bce5bd4300;Armoire CPV
01995841-f7e3-7c4a-a803-0bb89920c028;Der
01995b99-9463-7444-8f8c-844dc610d54e;Vêtement de travail
01995bfd-3c38-7ccc-896b-2e4e7a7ea90b;Matériel de mesure
01995ca2-1320-7163-8688-aea4999b9c68;Matériel de mesure
01995cb9-f119-7bc4-9861-996d49fca9cf;1 PALETTE DE MATERIELS INFORMATIQUES / FRAGILE
01995cd6-3b86-73a1-818b-d47a56079e24;Affiche
01995cde-b992-7fa7-85f3-6a19c6c2d66c;2 Obturateur C90
01995ce8-8081-7139-aded-b68229926098;2 Obturateur C90
01995cff-102d-7e20-b69d-80d85b118a05;Pare-chocs
01995d02-ffcd-702b-ad3f-2b35acdfae3f;des kakémonos
01995d20-c277-7ed3-97aa-4c7e9edc3b64;1 magnétomètre, 1 chariot magnétique, 1 EM et un k
01995d34-9859-70f0-a96c-fea8940d003e;Poste à souder
01995d4e-4e1a-792b-a185-24f27d987f7e;des kakémonos
01995dce-e1c0-7831-aeb4-3cb65017d98f;Scellés
019960b8-9844-75a8-b4af-e040e1de2f56;matériel SNCF (DVT)
019960d5-887b-74bf-ab7c-bdbf8f7af470;Batterie
0199610b-60a0-7aea-a8db-5a01fc658742;Scellés
01996113-614f-7143-89d9-9aeabc0849f9;Scellés
019961c7-ce00-7de4-96ee-81ea307c3a0b;Batterie
0199623f-38ef-7c8f-8b7c-8206476acee9;Marchandise commerciale (présentoirs, flyer, etc.)
01996266-fdae-7964-a146-2b5afda8bf03;boite de vitesse propre
0199629d-e67b-721e-9ad7-916d08780433;echelle murale pour journaux
0199665d-2a45-7bf5-8f0d-e86bd14effd9;ATELAGES
01997001-b863-7c49-bc69-f00d546bbef0;moteur entièrement vidé de ses lubrifiants
01997088-b7c5-78b2-9e2c-b000e047b88f;Bloc Alu
01997095-85c2-7a96-b5cc-bb7fddd625c7;Valise contenant 10 ordinateurs
01997099-7bab-7706-b506-f10779aeab97;Voile de bateau dans son sac
019970a1-6efc-73a3-8695-70b354b10af5;SIEGE ERGONOMIQUE
019970d5-71da-7d4b-af2f-67f28004902f;mallette d'exposition
019970ec-64ec-74c0-b79d-8cfebe3dfd0d;appareil de mesure
01997103-e4af-74b6-8396-20d687b6d27f;Barres de métal
01997136-ba60-7aef-ba94-2fde93dfc851;électroportatif
01997143-e4eb-7c04-8357-d259b2efb30b;piece vl
0199714d-adf5-76df-8950-6a1c1787f0a6;
01997178-525a-7a0a-8851-a7e6357e0d74;Der
01997191-b89b-7640-a350-d27002d5d7db;échantillons
01997197-d127-7a11-a8b2-936cec3a0340;Retour fournisseur
01997199-fbf2-7f1c-aada-0634fca45da3;échantillons
0199719c-4f67-7dd4-bf08-e3d2e949290e;MOUSTIQUAIRES
019971ae-c36b-7a52-8e7f-adaa74e1eddf;echantillon beton
019971b3-d645-7102-9b8e-3331358a8ca6;RAS
019971f3-94a0-70af-8ae2-8ff4679b1384;4 Plaques Lourdes (FRAGILE)
019972b0-1bd6-7542-93c1-fbd154967abc;Moteur, Hors Board de Bateau
0199750b-10ea-70d7-b3d8-948b708c2eaa;Débitmètre électromagnétique eau potable
019975ae-87b1-7980-8619-26b1de2f3c25;moteur
019975c3-b492-77c6-8976-626de2045e4d;Electrosoudeuse PEHD + Manchons PEHD
019975c6-c829-7aab-b5cb-0cdaf48305ee;LAVE VERRE
019975d2-25a3-793d-8a02-7b601a0e1c77;PLV
01997609-c496-75c2-a688-c4e9e28d31c9;imprimante
0199761d-ae0b-7145-a0d5-8ffabc014d2f;DOSSIER INDIVIDUEL
0199761e-cbdf-7ed1-90a8-4fa24b5cf2d4;DOSSIER INDIVIDUEL
0199763c-3d57-7b25-b138-65fe8dfb908a;cables
01997655-4df2-7775-bf22-c98e1f4d03f5;8 Cartons de 120 paires de gants de manutention
0199769c-52bb-73a2-992a-2e355465e5df;Matériel Informatique
019976ec-7eb3-7c3d-9bdd-2ec47bbc1e75;PIECE
019976ec-cdc4-7cd0-b654-0c8e075f6f4a;HELLA
01997705-3b5c-7510-a47c-48d6a4218e44;Scellé judiciaire pour expertise.
019977ef-aad7-7e4b-8f35-925fb1506ee6;Platine pelle
0199793c-d364-704e-8e2c-7152302d92aa;Pelle
01997a12-da03-7085-a068-2690d570cde0;VELO
01997ab3-ede1-73e2-b4d1-a3fee71763fd;CAMERA
01997ad2-9559-7a0d-a7e9-44dd83f649e6;pièces mécanique
01997b0b-a412-70f8-b44e-d3bd6abeb15a;rouleau
01997b13-d83f-77b9-9b8c-affd927b8cc7;Banderoles publicitaires en tissu
01997ba1-8dca-7f03-80e3-c233408f8cf3;Materiel Informatique
01997baa-3064-7598-942c-e2d260189ed2;socle métallique
01997bbb-4081-7a34-85ac-405520f9670a;etrier de frein camion
01997bc9-2dc6-7dbd-b345-7e76017e58be;imprimante à transfert thermique
01997bca-7600-77f9-81fc-821a899be909;Echantillon biomasse
01997bcb-f425-7552-911c-2c25a137d6cf;Echantillon biomasse
01997c04-9173-787e-987b-bce7e50c7dbc;retour de vêtement
01997c13-6a97-7108-987e-26347b9f1379;boite de vitesse
01997c15-8ff7-7b5d-abe6-a034b35de58c;BOISSON
01997c28-4004-731c-a750-603a558ab081;retour de vêtement
01997c28-e179-7943-b885-db8ec8ae3755;
01997c29-6075-713c-981b-a39ad0d2828c;boite de vitesse
01997c52-c6cc-7d83-a8e8-2748c6122dd1;machine pokémon
01997ffa-07fa-7b0b-a115-02332e003318;5 rouleaux de tissu
01998008-1b51-74b2-8eae-04ec76eac51b;ordinateur
01998008-d938-728e-a05c-82ce5a9b8249;1 ALTAIR 4x
0199800d-be64-75d3-84ea-47b5e2f37bfa;Pieces détachées attelage
0199801c-2cf8-792f-8d56-a2be4051640b;Carton de cables
0199802c-49d0-7928-9d05-ebf7c3fb0976;Matériel électronique
0199802e-301e-73e8-80b8-e6bdad8c367b;materiel informatique
01998046-d23b-7dd8-b658-095d702bdd27;Matériel ANE / VSWR
0199804e-1b90-7f8f-8ea4-34880489665f;Réservoir et distributeur pour fendeuse de bûches
0199805b-7519-70cf-9671-064854acfeec;Réservoir et distributeur pour fendeuse de bûches
01998067-ce6a-7908-ae7b-3ca1aba6584f;A4 holders,multiprise,flyers holder,Award
019980ad-e55e-7aaf-a947-48047c396610;RAS
019980ba-3153-743e-af28-5f0899e26db6;AD5 n°115333
019980d7-87b5-780b-80e1-09b0ca817cae;retour jouets clementoni
019980e3-631a-7319-986c-bcc00f77c32d;Pierre de façade
019980f7-f84d-726d-b496-0e1e17645a22;FAISCEAU ELEC
01998128-ec3b-71fc-a70b-7b76d24ff7be;Mascottes / Costumes
0199813b-fde6-7c26-8c16-5328edb0e437;Mascottes / Costumes
01998152-2c96-71ab-a0a5-640da6e4e5ee;banquette fourgon
01998155-54ec-7d85-9aa7-e9391236f99e;2 cartons
01998194-aa9f-773b-9491-04acb3fbf9b1;Materiel Informatique
01998196-7a6b-741b-be36-9e13124e0c3f;Materiel Informatique
0199832c-cca2-7655-b4a4-9c0185cea237;outillage bois dans une boite en bois sur palette
019984b5-6e2b-7fb5-9dd7-a0615c84df8a;26 BANDES TOLE PU
019984b6-7ae9-7ac8-a189-d676056be8c8;26 BANDES TOLE PU
01998516-e8f7-7d1e-af06-9a84e1ec25f4;Piece Mecanique
01998541-23aa-7c1d-8568-ca597453c7d2;oriflammes Tour De France (voiles pieds flammes)
0199854f-d029-72ea-9a88-feab8a53d1f1;oriflammes Tour De France (voiles pieds flammes)
019985b9-3675-77e0-bb6e-7e4b206cefe0;
019985e5-32d3-7dc8-ba94-8a73585702d9;fumisterie
019985eb-5cfd-7dba-aa41-ce3c244e06b7;tampon fonte
0199866e-6c92-7481-a385-422f4346c50b;Formulation liquide technique
01998a87-3579-7f19-90a4-776f600f316a;pont vide de ses ingredients
01998c33-f9ba-7f9e-854c-24377a385424;MELANGEUR A VIANDE
01998c55-c146-7816-8c07-057491f5cbf1;Colis emballé
01998c64-5724-77c5-9c99-f4346c17e1e8;VACHE EN RESINE
01998cbf-5ad3-70c6-a1ae-4c864b685677;Glacière
0199911e-3f14-7ee3-9c36-440293906d31;Cartons vêtements
01999156-ecfb-71f5-988b-82d2d7ef63f6;outillage bois dans une boite en bois sur palette
01999427-1c92-77a6-9ae3-e9335d324c33;Materiel de demo
01999451-1237-7c38-baec-50547bd424fe;Pièces
0199946c-3822-716f-be50-261ee6d25a09;Pièces
01999488-8028-71d8-b70b-7429643e8d11;Matériel informatique (pied et écran 32 pouces)
019994bd-bc3b-75f1-a8fb-1f07157fe420;Galvanomètre
019994c9-2ac4-7d2c-b14d-f38465182c09;Ordinateurs
019994cb-758e-7d44-b0c0-4a400869c48a;Engin mécanique
019994d0-c72f-7689-8e6b-5bba65bfa2dd;Tables
019994d5-f942-7cd1-965c-8acc5ec1a382;vélo
019994d6-c7f1-79cd-bcd9-dbd48c03190b;Multimètres
019994e0-4c60-736d-979e-ec84501d98b4;Borne de recharge mobile
0199950f-8a10-7472-905b-f1ef6813fbe8;Matériel informatique (pied et écran 32 pouces)
0199951c-3e63-78d9-ad37-495d340d25c9;Matériel informatique (pied et écran 32 pouces)
01999525-b735-7ffb-8118-9f8100e4421a;auvent
01999550-f9fa-7ec7-9a6c-a9d6219cac3f;Pompe vortex
01999573-eb94-77f9-ae2c-8d42fe1e43e4;Dossiers volumineux
0199959b-4a50-7ca6-a825-43e6291415d3;Moteurs
019995ae-a548-74a2-8b43-b8db4a49c1a6;équipement guidage gps
0199961b-49c2-7927-9b6d-fdd101744825;Velo
0199963c-c050-75c6-8414-828a698ad56b;FOUR A PIZZA
0199969d-3f8e-78b9-bd23-6524032742fe;semoir a engrais
01999984-6886-7f0c-8008-e110af1eb99e;Boitier électronique
01999988-70d1-70ae-82b3-988efcf6d041;Matériel informatique (pied et écran 32 pouces)
0199998e-c863-7b31-bd6a-44dc9e63fc17;Grand carton pour petit matelas
019999c8-5d0a-70c4-8bcf-d0a5064dfa02;Echantillons non pathogènes
019999c9-baad-7e95-ae83-231860313c8f;porte vitrée FRAGILE
01999a0e-7268-7a08-8b65-eecd8fbb0dfa;Tissus d'essuyage
01999a8f-69b6-7555-bdd2-206d4f1e49f9;brosses balayeuse de voirie
01999a93-1cfa-7bf2-8403-3526982a46f7;Etiquettes et bouteilles vides
01999a96-8e67-725b-847d-66357796d1d2;Etiquettes et bouteilles vides
01999aa5-0fab-7982-b23b-18d1e291f47d;Imprimantes
01999b11-1d56-7efb-97e9-54ac21f67301;PLANCHE GABARIT
01999b34-36ae-7165-90f7-84bff3c0e928;Meuble (emballé)
01999b39-6569-7469-aad0-df5c33c0809d;Jambe de train d'hélicoptère
01999ba6-9255-7eb5-9621-e6b52551e176;SCIE
01999ea5-9387-79f2-a86a-d44859edc2a1;PIECE AUTOMOBILE
01999f03-6da2-7314-8e07-c8c86b6ff226;appareil ATEQ F610
01999f03-b656-7d35-b62a-71f7e42cbedf;Grand carton pour petit matelas
01999f07-744c-795c-9c7a-a20993a8e2d3;outils
01999f07-e0fc-7405-a5ef-8c6a9a4f21db;DE
01999f18-b150-7875-84de-ff392aca6e83;Piano numérique
01999f1b-638e-7d56-aef4-137482bd86dc;Piano numérique
01999f82-571c-7ef8-a4c1-f501b8e2619c;Canapé
01999f85-5de7-78b1-8369-b60ff2ea0289;Canapé
01999fbb-aa48-71e9-8922-4a73086cc886;bois
01999fd6-6d67-7855-85c8-14f56e7ee24c;Ordinateur fixe
01999ff7-2472-70c9-9409-e940ef56c251;Chaise de bar
0199a047-bf6e-746d-ba09-f886b430af36;Complements alimentaire
0199a047-ed1f-7de2-9c7a-657d8a9f9dfa;Ordinateur fixe
0199a05d-689d-7ed5-b11d-e4e12b6dfb92;Produits desautel
0199a11f-cb92-7a57-a950-42dede67716f;osier
